Workbook

Sheet Dashboard
A1: TRAVNOOK TRAVELS — SEPTEMBER 2026 TEAM PERFORMANCE DASHBOARD
A2: Team Lead: Bindhya Travnook | Team Target: AED 170,000 | Per-Agent Base Target: AED 25,000 | Working Days: 26 | Mid-Month Checkpoint (by 12 Sep): AED 71,923 team
A4: ▼ MONTHLY PERFORMANCE SUMMARY
A5: TEAM TARGET | B5: TEAM ACHIEVED (MTD) | C5: TEAM DEFICIT (MTD) | D5: % ACHIEVED | E5: MID-MONTH TARGET (by 15th) | F5: MID-MONTH ACTUAL | G5: DAILY AIM (team) | H5: STATUS
A6: 170000 | B6: ='Weekly Tracker'!AS14 | C6: =A6-B6 | D6: =IFERROR(B6/A6,0) | E6: =ROUND(A6*11/26,0) | F6: ='Weekly Tracker'!J14+'Weekly Tracker'!S14 | G6: =ROUND(A6/26,0) | H6: =IF(D6>=1,"🟢 On Target",IF(D6>=0.7,"🟡 Watch","🔴 Critical"))
A8: ▼ INDIVIDUAL AGENT PERFORMANCE
A9: AGENT | B9: MONTHLY TARGET | C9: MTD ACHIEVED | D9: MTD DEFICIT | E9: % ACHIEVED | F9: DAILY AIM (agent) | G9: STATUS
A10: Iyan | B10: ='Weekly Tracker'!C6 | C10: ='Weekly Tracker'!AS6 | D10: =B10-C10 | E10: =IFERROR(C10/B10,0) | F10: =ROUND(B10/26,0) | G10: =IF(E10>=1,"🟢 On Target",IF(E10>=0.7,"🟡 Watch","🔴 Critical"))
A11: Harinder | B11: ='Weekly Tracker'!C7 | C11: ='Weekly Tracker'!AS7 | D11: =B11-C11 | E11: =IFERROR(C11/B11,0) | F11: =ROUND(B11/26,0) | G11: =IF(E11>=1,"🟢 On Target",IF(E11>=0.7,"🟡 Watch","🔴 Critical"))
A12: Rihab Travnook | B12: ='Weekly Tracker'!C8 | C12: ='Weekly Tracker'!AS8 | D12: =B12-C12 | E12: =IFERROR(C12/B12,0) | F12: =ROUND(B12/26,0) | G12: =IF(E12>=1,"🟢 On Target",IF(E12>=0.7,"🟡 Watch","🔴 Critical"))
A13: Ibrahim Travnook | B13: ='Weekly Tracker'!C9 | C13: ='Weekly Tracker'!AS9 | D13: =B13-C13 | E13: =IFERROR(C13/B13,0) | F13: =ROUND(B13/26,0) | G13: =IF(E13>=1,"🟢 On Target",IF(E13>=0.7,"🟡 Watch","🔴 Critical"))
A14: Chaimaa Benchohra | B14: ='Weekly Tracker'!C10 | C14: ='Weekly Tracker'!AS10 | D14: =B14-C14 | E14: =IFERROR(C14/B14,0) | F14: =ROUND(B14/26,0) | G14: =IF(E14>=1,"🟢 On Target",IF(E14>=0.7,"🟡 Watch","🔴 Critical"))
A15: Saha Travnook | B15: ='Weekly Tracker'!C11 | C15: ='Weekly Tracker'!AS11 | D15: =B15-C15 | E15: =IFERROR(C15/B15,0) | F15: =ROUND(B15/26,0) | G15: =IF(E15>=1,"🟢 On Target",IF(E15>=0.7,"🟡 Watch","🔴 Critical"))
A16: Alshimaa Ahmed | B16: ='Weekly Tracker'!C12 | C16: ='Weekly Tracker'!AS12 | D16: =B16-C16 | E16: =IFERROR(C16/B16,0) | F16: =ROUND(B16/26,0) | G16: =IF(E16>=1,"🟢 On Target",IF(E16>=0.7,"🟡 Watch","🔴 Critical"))
A17: Khozema Nogamawala | B17: ='Weekly Tracker'!C13 | C17: ='Weekly Tracker'!AS13 | D17: =B17-C17 | E17: =IFERROR(C17/B17,0) | F17: =ROUND(B17/26,0) | G17: =IF(E17>=1,"🟢 On Target",IF(E17>=0.7,"🟡 Watch","🔴 Critical"))
A18: TEAM TOTAL | B18: =SUM(B10:B17) | C18: =SUM(C10:C17) | D18: =B18-C18 | E18: =IFERROR(C18/B18,0) | F18: =SUM(F10:F17) | G18: =IF(E18>=1,"🟢 On Target",IF(E18>=0.7,"🟡 Watch","🔴 Critical"))
A20: ℹ️ Each agent's base target is a flat AED 25,000 (8 agents × 25,000 = AED 200,000 combined individual targets). The team target (cell A6, AED 170,000) is set independently as the overall business goal, so it need not equal the combined individual targets. Yellow cells on 'Weekly Tracker' = daily entry; everything else here updates automatically.

Sheet Weekly Tracker
A1: TRAVNOOK TRAVELS — SEPTEMBER 2026 WEEKLY & MONTHLY TRACKER
A2: Team Lead: Bindhya Travnook | Team Target: AED 170,000 | Per-Agent Base Target: AED 25,000 | Working Days: 26 | 🟡 Yellow cells = daily data entry
A3: ⚠️ Mid-month checkpoint: each agent aim AED 10,577 (base-target pacing) | Team aim AED 71,923 against the AED 170,000 team target by 12 Sep / end of WK 2.
A4: AGENT | B4: DAILY TARGET | C4: MONTHLY TARGET | D4: WK 1 (1-5 Sep) | L4: WK 2 (7-12 Sep) | U4: WK 3 (14-19 Sep) | AD4: WK 4 (21-26 Sep) | AM4: WK 5 (28-30 Sep) | AS4: MONTHLY ACHIEVED | AT4: MONTHLY DEFICIT | AU4: % vs TARGET | AV4: STATUS
D5: WK TARGET | E5: Sep 1 Tue | F5: Sep 2 Wed | G5: Sep 3 Thu | H5: Sep 4 Fri | I5: Sep 5 Sat | J5: WK ACHIEVED | K5: WK DEFICIT | L5: WK TARGET | M5: Sep 7 Mon | N5: Sep 8 Tue | O5: Sep 9 Wed | P5: Sep 10 Thu | Q5: Sep 11 Fri | R5: Sep 12 Sat | S5: WK ACHIEVED | T5: WK DEFICIT | U5: WK TARGET | V5: Sep 14 Mon | W5: Sep 15 Tue | X5: Sep 16 Wed | Y5: Sep 17 Thu | Z5: Sep 18 Fri | AA5: Sep 19 Sat | AB5: WK ACHIEVED | AC5: WK DEFICIT | AD5: WK TARGET | AE5: Sep 21 Mon | AF5: Sep 22 Tue | AG5: Sep 23 Wed | AH5: Sep 24 Thu | AI5: Sep 25 Fri | AJ5: Sep 26 Sat | AK5: WK ACHIEVED | AL5: WK DEFICIT | AM5: WK TARGET | AN5: Sep 28 Mon | AO5: Sep 29 Tue | AP5: Sep 30 Wed | AQ5: WK ACHIEVED | AR5: WK DEFICIT
A6: Iyan | B6: =ROUND(C6/26,0) | C6: 25000 | D6: =ROUND($C6*5/26,0) | E6: 0 | F6: 0 | G6: 0 | H6: 0 | I6: 0 | J6: =SUM(E6:I6) | K6: =D6-J6 | L6: =ROUND($C6*6/26,0) | M6: 0 | N6: 0 | O6: 0 | P6: 0 | Q6: 0 | R6: 0 | S6: =SUM(M6:R6) | T6: =L6-S6 | U6: =ROUND($C6*6/26,0) | V6: 0 | W6: 0 | X6: 0 | Y6: 0 | Z6: 0 | AA6: 0 | AB6: =SUM(V6:AA6) | AC6: =U6-AB6 | AD6: =ROUND($C6*6/26,0) | AE6: 0 | AF6: 0 | AG6: 0 | AH6: 0 | AI6: 0 | AJ6: 0 | AK6: =SUM(AE6:AJ6) | AL6: =AD6-AK6 | AM6: =ROUND($C6*3/26,0) | AN6: 0 | AO6: 0 | AP6: 0 | AQ6: =SUM(AN6:AP6) | AR6: =AM6-AQ6 | AS6: =J6+S6+AB6+AK6+AQ6 | AT6: =C6-AS6 | AU6: =IFERROR(AS6/C6,0) | AV6: =IF(AU6>=1,"🟢 On Target",IF(AU6>=0.7,"🟡 Watch","🔴 Critical"))
A7: Harinder | B7: =ROUND(C7/26,0) | C7: 25000 | D7: =ROUND($C7*5/26,0) | E7: 0 | F7: 0 | G7: 0 | H7: 0 | I7: 0 | J7: =SUM(E7:I7) | K7: =D7-J7 | L7: =ROUND($C7*6/26,0) | M7: 0 | N7: 0 | O7: 0 | P7: 0 | Q7: 0 | R7: 0 | S7: =SUM(M7:R7) | T7: =L7-S7 | U7: =ROUND($C7*6/26,0) | V7: 0 | W7: 0 | X7: 0 | Y7: 0 | Z7: 0 | AA7: 0 | AB7: =SUM(V7:AA7) | AC7: =U7-AB7 | AD7: =ROUND($C7*6/26,0) | AE7: 0 | AF7: 0 | AG7: 0 | AH7: 0 | AI7: 0 | AJ7: 0 | AK7: =SUM(AE7:AJ7) | AL7: =AD7-AK7 | AM7: =ROUND($C7*3/26,0) | AN7: 0 | AO7: 0 | AP7: 0 | AQ7: =SUM(AN7:AP7) | AR7: =AM7-AQ7 | AS7: =J7+S7+AB7+AK7+AQ7 | AT7: =C7-AS7 | AU7: =IFERROR(AS7/C7,0) | AV7: =IF(AU7>=1,"🟢 On Target",IF(AU7>=0.7,"🟡 Watch","🔴 Critical"))
A8: Rihab Travnook | B8: =ROUND(C8/26,0) | C8: 25000 | D8: =ROUND($C8*5/26,0) | E8: 0 | F8: 0 | G8: 0 | H8: 0 | I8: 0 | J8: =SUM(E8:I8) | K8: =D8-J8 | L8: =ROUND($C8*6/26,0) | M8: 0 | N8: 0 | O8: 0 | P8: 0 | Q8: 0 | R8: 0 | S8: =SUM(M8:R8) | T8: =L8-S8 | U8: =ROUND($C8*6/26,0) | V8: 0 | W8: 0 | X8: 0 | Y8: 0 | Z8: 0 | AA8: 0 | AB8: =SUM(V8:AA8) | AC8: =U8-AB8 | AD8: =ROUND($C8*6/26,0) | AE8: 0 | AF8: 0 | AG8: 0 | AH8: 0 | AI8: 0 | AJ8: 0 | AK8: =SUM(AE8:AJ8) | AL8: =AD8-AK8 | AM8: =ROUND($C8*3/26,0) | AN8: 0 | AO8: 0 | AP8: 0 | AQ8: =SUM(AN8:AP8) | AR8: =AM8-AQ8 | AS8: =J8+S8+AB8+AK8+AQ8 | AT8: =C8-AS8 | AU8: =IFERROR(AS8/C8,0) | AV8: =IF(AU8>=1,"🟢 On Target",IF(AU8>=0.7,"🟡 Watch","🔴 Critical"))
A9: Ibrahim Travnook | B9: =ROUND(C9/26,0) | C9: 25000 | D9: =ROUND($C9*5/26,0) | E9: 0 | F9: 0 | G9: 0 | H9: 0 | I9: 0 | J9: =SUM(E9:I9) | K9: =D9-J9 | L9: =ROUND($C9*6/26,0) | M9: 0 | N9: 0 | O9: 0 | P9: 0 | Q9: 0 | R9: 0 | S9: =SUM(M9:R9) | T9: =L9-S9 | U9: =ROUND($C9*6/26,0) | V9: 0 | W9: 0 | X9: 0 | Y9: 0 | Z9: 0 | AA9: 0 | AB9: =SUM(V9:AA9) | AC9: =U9-AB9 | AD9: =ROUND($C9*6/26,0) | AE9: 0 | AF9: 0 | AG9: 0 | AH9: 0 | AI9: 0 | AJ9: 0 | AK9: =SUM(AE9:AJ9) | AL9: =AD9-AK9 | AM9: =ROUND($C9*3/26,0) | AN9: 0 | AO9: 0 | AP9: 0 | AQ9: =SUM(AN9:AP9) | AR9: =AM9-AQ9 | AS9: =J9+S9+AB9+AK9+AQ9 | AT9: =C9-AS9 | AU9: =IFERROR(AS9/C9,0) | AV9: =IF(AU9>=1,"🟢 On Target",IF(AU9>=0.7,"🟡 Watch","🔴 Critical"))
A10: Chaimaa Benchohra | B10: =ROUND(C10/26,0) | C10: 25000 | D10: =ROUND($C10*5/26,0) | E10: 0 | F10: 0 | G10: 0 | H10: 0 | I10: 0 | J10: =SUM(E10:I10) | K10: =D10-J10 | L10: =ROUND($C10*6/26,0) | M10: 0 | N10: 0 | O10: 0 | P10: 0 | Q10: 0 | R10: 0 | S10: =SUM(M10:R10) | T10: =L10-S10 | U10: =ROUND($C10*6/26,0) | V10: 0 | W10: 0 | X10: 0 | Y10: 0 | Z10: 0 | AA10: 0 | AB10: =SUM(V10:AA10) | AC10: =U10-AB10 | AD10: =ROUND($C10*6/26,0) | AE10: 0 | AF10: 0 | AG10: 0 | AH10: 0 | AI10: 0 | AJ10: 0 | AK10: =SUM(AE10:AJ10) | AL10: =AD10-AK10 | AM10: =ROUND($C10*3/26,0) | AN10: 0 | AO10: 0 | AP10: 0 | AQ10: =SUM(AN10:AP10) | AR10: =AM10-AQ10 | AS10: =J10+S10+AB10+AK10+AQ10 | AT10: =C10-AS10 | AU10: =IFERROR(AS10/C10,0) | AV10: =IF(AU10>=1,"🟢 On Target",IF(AU10>=0.7,"🟡 Watch","🔴 Critical"))
A11: Saha Travnook | B11: =ROUND(C11/26,0) | C11: 25000 | D11: =ROUND($C11*5/26,0) | E11: 0 | F11: 0 | G11: 0 | H11: 0 | I11: 0 | J11: =SUM(E11:I11) | K11: =D11-J11 | L11: =ROUND($C11*6/26,0) | M11: 0 | N11: 0 | O11: 0 | P11: 0 | Q11: 0 | R11: 0 | S11: =SUM(M11:R11) | T11: =L11-S11 | U11: =ROUND($C11*6/26,0) | V11: 0 | W11: 0 | X11: 0 | Y11: 0 | Z11: 0 | AA11: 0 | AB11: =SUM(V11:AA11) | AC11: =U11-AB11 | AD11: =ROUND($C11*6/26,0) | AE11: 0 | AF11: 0 | AG11: 0 | AH11: 0 | AI11: 0 | AJ11: 0 | AK11: =SUM(AE11:AJ11) | AL11: =AD11-AK11 | AM11: =ROUND($C11*3/26,0) | AN11: 0 | AO11: 0 | AP11: 0 | AQ11: =SUM(AN11:AP11) | AR11: =AM11-AQ11 | AS11: =J11+S11+AB11+AK11+AQ11 | AT11: =C11-AS11 | AU11: =IFERROR(AS11/C11,0) | AV11: =IF(AU11>=1,"🟢 On Target",IF(AU11>=0.7,"🟡 Watch","🔴 Critical"))
A12: Alshimaa Ahmed | B12: =ROUND(C12/26,0) | C12: 25000 | D12: =ROUND($C12*5/26,0) | E12: 0 | F12: 0 | G12: 0 | H12: 0 | I12: 0 | J12: =SUM(E12:I12) | K12: =D12-J12 | L12: =ROUND($C12*6/26,0) | M12: 0 | N12: 0 | O12: 0 | P12: 0 | Q12: 0 | R12: 0 | S12: =SUM(M12:R12) | T12: =L12-S12 | U12: =ROUND($C12*6/26,0) | V12: 0 | W12: 0 | X12: 0 | Y12: 0 | Z12: 0 | AA12: 0 | AB12: =SUM(V12:AA12) | AC12: =U12-AB12 | AD12: =ROUND($C12*6/26,0) | AE12: 0 | AF12: 0 | AG12: 0 | AH12: 0 | AI12: 0 | AJ12: 0 | AK12: =SUM(AE12:AJ12) | AL12: =AD12-AK12 | AM12: =ROUND($C12*3/26,0) | AN12: 0 | AO12: 0 | AP12: 0 | AQ12: =SUM(AN12:AP12) | AR12: =AM12-AQ12 | AS12: =J12+S12+AB12+AK12+AQ12 | AT12: =C12-AS12 | AU12: =IFERROR(AS12/C12,0) | AV12: =IF(AU12>=1,"🟢 On Target",IF(AU12>=0.7,"🟡 Watch","🔴 Critical"))
A13: Khozema Nogamawala | B13: =ROUND(C13/26,0) | C13: 25000 | D13: =ROUND($C13*5/26,0) | E13: 0 | F13: 0 | G13: 0 | H13: 0 | I13: 0 | J13: =SUM(E13:I13) | K13: =D13-J13 | L13: =ROUND($C13*6/26,0) | M13: 0 | N13: 0 | O13: 0 | P13: 0 | Q13: 0 | R13: 0 | S13: =SUM(M13:R13) | T13: =L13-S13 | U13: =ROUND($C13*6/26,0) | V13: 0 | W13: 0 | X13: 0 | Y13: 0 | Z13: 0 | AA13: 0 | AB13: =SUM(V13:AA13) | AC13: =U13-AB13 | AD13: =ROUND($C13*6/26,0) | AE13: 0 | AF13: 0 | AG13: 0 | AH13: 0 | AI13: 0 | AJ13: 0 | AK13: =SUM(AE13:AJ13) | AL13: =AD13-AK13 | AM13: =ROUND($C13*3/26,0) | AN13: 0 | AO13: 0 | AP13: 0 | AQ13: =SUM(AN13:AP13) | AR13: =AM13-AQ13 | AS13: =J13+S13+AB13+AK13+AQ13 | AT13: =C13-AS13 | AU13: =IFERROR(AS13/C13,0) | AV13: =IF(AU13>=1,"🟢 On Target",IF(AU13>=0.7,"🟡 Watch","🔴 Critical"))
A14: TEAM TOTAL | B14: =SUM(B6:B13) | C14: =SUM(C6:C13) | D14: =SUM(D6:D13) | J14: =SUM(J6:J13) | K14: =SUM(K6:K13) | L14: =SUM(L6:L13) | S14: =SUM(S6:S13) | T14: =SUM(T6:T13) | U14: =SUM(U6:U13) | AB14: =SUM(AB6:AB13) | AC14: =SUM(AC6:AC13) | AD14: =SUM(AD6:AD13) | AK14: =SUM(AK6:AK13) | AL14: =SUM(AL6:AL13) | AM14: =SUM(AM6:AM13) | AQ14: =SUM(AQ6:AQ13) | AR14: =SUM(AR6:AR13) | AS14: =SUM(AS6:AS13) | AT14: =SUM(AT6:AT13) | AU14: =IFERROR(AS14/C14,0) | AV14: =IF(AU14>=1,"🟢 On Target",IF(AU14>=0.7,"🟡 Watch","🔴 Critical"))
A16: MID-MONTH CHECKPOINT (through 12 Sep / WK1–WK2) | D16: ="Team actual: AED "&TEXT(J14+S14,"#,##0")&" | Aim: AED 71,923 team (against AED 170,000 team target)"
