Workbook

Sheet Slot Watch Log
A1: TRAVNOOK — U.S. VISA APPOINTMENT SLOT WATCH LOG
A2: DATE | B2: TIME CHECKED | C2: CHECKED BY | D2: CONSULATE | E2: VISA CATEGORY | F2: SLOTS AVAILABLE? | G2: EARLIEST DATE SEEN | H2: NOTES

Sheet Pattern Summary
A1: SLOT DROP PATTERN SUMMARY
A2: Auto-updates from the Slot Watch Log. Needs a few weeks of logged checks (including “no slots”) before patterns are meaningful.
A4: BY CHECK TIME
A5: TIME | B5: TOTAL CHECKS | C5: SLOTS FOUND | D5: HIT RATE
A6: 9:30 AM | B6: =COUNTIF('Slot Watch Log'!$B$3:$B$200,A6) | C6: =COUNTIFS('Slot Watch Log'!$B$3:$B$200,A6,'Slot Watch Log'!$F$3:$F$200,"Yes") | D6: =IFERROR(C6/B6,0)
A7: 11:30 AM | B7: =COUNTIF('Slot Watch Log'!$B$3:$B$200,A7) | C7: =COUNTIFS('Slot Watch Log'!$B$3:$B$200,A7,'Slot Watch Log'!$F$3:$F$200,"Yes") | D7: =IFERROR(C7/B7,0)
A8: 1:30 PM | B8: =COUNTIF('Slot Watch Log'!$B$3:$B$200,A8) | C8: =COUNTIFS('Slot Watch Log'!$B$3:$B$200,A8,'Slot Watch Log'!$F$3:$F$200,"Yes") | D8: =IFERROR(C8/B8,0)
A9: 3:30 PM | B9: =COUNTIF('Slot Watch Log'!$B$3:$B$200,A9) | C9: =COUNTIFS('Slot Watch Log'!$B$3:$B$200,A9,'Slot Watch Log'!$F$3:$F$200,"Yes") | D9: =IFERROR(C9/B9,0)
A10: 5:30 PM | B10: =COUNTIF('Slot Watch Log'!$B$3:$B$200,A10) | C10: =COUNTIFS('Slot Watch Log'!$B$3:$B$200,A10,'Slot Watch Log'!$F$3:$F$200,"Yes") | D10: =IFERROR(C10/B10,0)
A11: Other | B11: =COUNTIF('Slot Watch Log'!$B$3:$B$200,A11) | C11: =COUNTIFS('Slot Watch Log'!$B$3:$B$200,A11,'Slot Watch Log'!$F$3:$F$200,"Yes") | D11: =IFERROR(C11/B11,0)
A13: BY CONSULATE
A14: CONSULATE | B14: TOTAL CHECKS | C14: SLOTS FOUND | D14: HIT RATE
A15: Abu Dhabi | B15: =COUNTIF('Slot Watch Log'!$D$3:$D$200,A15) | C15: =COUNTIFS('Slot Watch Log'!$D$3:$D$200,A15,'Slot Watch Log'!$F$3:$F$200,"Yes") | D15: =IFERROR(C15/B15,0)
A16: Dubai | B16: =COUNTIF('Slot Watch Log'!$D$3:$D$200,A16) | C16: =COUNTIFS('Slot Watch Log'!$D$3:$D$200,A16,'Slot Watch Log'!$F$3:$F$200,"Yes") | D16: =IFERROR(C16/B16,0)
A18: TOTAL LOGGED CHECKS | B18: =COUNTA('Slot Watch Log'!$A$3:$A$200)

Sheet Coverage Roster
A1: SLOT-CHECK COVERAGE ROSTER — WEEKLY TEMPLATE
A2: Replaces 24/7 automated monitoring (against ustraveldocs.com's Terms of Service) with human coverage spread across the day. Blue cells = editable — swap names for leave/sick days. Rotation is pre-filled so no single agent carries every shift.
A4: DAY | B4: 9:30 AM | C4: 11:30 AM | D4: 1:30 PM | E4: 3:30 PM | F4: 5:30 PM
A5: Monday | B5: Layan (ATL) | C5: Ibrahim | D5: Chaima | E5: Alshima | F5: Saha
A6: Tuesday | B6: Khosema | C6: Harinder | D6: Rihab | E6: Layan (ATL) | F6: Ibrahim
A7: Wednesday | B7: Chaima | C7: Alshima | D7: Saha | E7: Khosema | F7: Harinder
A8: Thursday | B8: Rihab | C8: Layan (ATL) | D8: Ibrahim | E8: Chaima | F8: Alshima
A9: Friday | B9: Saha | C9: Khosema | D9: Harinder | E9: Rihab | F9: Layan (ATL)
A10: Saturday | B10: Ibrahim | C10: Chaima | D10: Alshima | E10: Saha | F10: Khosema
A12: Sunday: office closed, no checks scheduled. Whoever is on shift logs the result — including “no slots” — in the Slot Watch Log tab straight after checking.
